5,30,谷上
5,37,谷上
5,47,谷上
6,4,谷上
6,13,谷上
6,19,新神戸
6,28,谷上
6,34,谷上
6,40,新神戸
6,47,谷上
6,52,谷上
6,58,谷上
7,4,新神戸
7,7,谷上
7,11,谷上
7,15,新神戸
7,20,谷上
7,24,新神戸
7,28,谷上
7,32,新神戸
7,36,谷上
7,39,新神戸
7,43,新神戸
7,46,谷上
7,50,新神戸
7,53,新神戸
7,57,谷上
8,1,新神戸
8,5,新神戸
8,9,谷上
8,13,新神戸
8,18,新神戸
8,22,谷上
8,28,谷上
8,32,谷上
8,37,新神戸
8,41,谷上
8,47,谷上
8,52,新神戸
8,58,谷上
9,4,谷上
9,8,新神戸
9,13,谷上
9,17,谷上
9,22,新神戸
9,27,谷上
9,35,新神戸
9,42,谷上
9,50,新神戸
9,58,谷上
10,5,新神戸
10,14,谷上
10,21,新神戸
10,29,谷上
10,36,新神戸
10,44,谷上
10,51,新神戸
10,59,谷上
11,6,新神戸
11,14,谷上
11,21,新神戸
11,29,谷上
11,36,新神戸
11,44,谷上
11,51,新神戸
11,59,谷上
12,6,新神戸
12,14,谷上
12,21,新神戸
12,29,谷上
12,36,新神戸
12,44,谷上
12,51,新神戸
12,59,谷上
13,6,新神戸
13,14,谷上
13,21,新神戸
13,29,谷上
13,36,新神戸
13,44,谷上
13,51,新神戸
13,59,谷上
14,6,新神戸
14,14,谷上
14,21,新神戸
14,29,谷上
14,36,新神戸
14,44,谷上
14,51,新神戸
14,59,谷上
15,6,新神戸
15,14,谷上
15,21,新神戸
15,29,谷上
15,35,新神戸
15,42,谷上
15,52,新神戸
15,58,谷上
16,5,新神戸
16,12,谷上
16,20,新神戸
16,26,谷上
16,32,新神戸
16,38,新神戸
16,44,谷上
16,50,新神戸
16,58,谷上
17,4,新神戸
17,9,谷上
17,14,谷上
17,20,新神戸
17,25,谷上
17,31,谷上
17,37,新神戸
17,43,谷上
17,49,谷上
17,54,新神戸
18,0,谷上
18,6,谷上
18,11,谷上
18,16,新神戸
18,23,谷上
18,29,谷上
18,35,谷上
18,40,新神戸
18,45,谷上
18,51,新神戸
18,57,谷上
19,3,新神戸
19,10,谷上
19,15,谷上
19,21,新神戸
19,27,谷上
19,33,新神戸
19,39,谷上
19,44,谷上
19,50,新神戸
19,56,谷上
20,2,谷上
20,7,新神戸
20,13,谷上
20,19,谷上
20,26,谷上
20,33,新神戸
20,38,谷上
20,44,谷上
20,49,新神戸
20,56,谷上
21,2,谷上
21,7,新神戸
21,13,谷上
21,19,谷上
21,24,新神戸
21,30,谷上
21,37,谷上
21,44,谷上
21,50,新神戸
21,57,谷上
22,4,新神戸
22,11,谷上
22,17,名谷
22,21,新神戸
22,30,谷上
22,38,新神戸
22,45,谷上
22,56,谷上
23,1,名谷
23,6,谷上
23,16,名谷
23,21,谷上
23,31,新神戸
23,39,谷上
23,49,名谷
23,59,新神戸
0,9,新神戸
0,22,名谷
0,33,名谷
0,50,名谷